instance	category	node_limit	time_limit_sec	hard_kill_sec	observed_nodes	observed_elapsed_sec	observed_result
bpc_n10_c100_sd42_random_uniform	concluded_fast	0	120	300	0	0.09	Optimal solution found
bpc_n12_c150_sd42_clique_diverse	concluded_fast	0	120	300	0	0.02	Optimal solution found
bpc_n15_c100_sd137_bipartite_uniform	concluded_slow	171000	180	300	57000	172.17	Optimal solution found
bpc_n15_c120_sd42_geometric_tight	concluded_fast	0	120	300	0	0.03	Optimal solution found
bpc_n20_c150_sd42_random_diverse	concluded_fast	0	120	300	0	0.05	Optimal solution found
bpc_n25_c200_sd137_clique_uniform	concluded_fast	0	120	300	0	0.05	Optimal solution found
bpc_n30_c180_sd42_geometric_tight	not_concluded	13536	120	300	67686	300.03	Stopped on time limit
bpc_search_n13_c100_sd42_bipartite_d0.25_uniform	concluded_fast	87699	120	300	29233	26.94	Optimal solution found
bpc_search_n13_c100_sd42_bipartite_d0.2_uniform	concluded_fast	80004	120	300	26668	27.57	Optimal solution found
bpc_search_n13_c100_sd42_bipartite_d0.3_uniform	concluded_fast	30603	120	300	10201	27.67	Optimal solution found
bpc_search_n13_c120_sd137_random_d0.3_uniform	concluded_fast	8640	120	300	2880	10.04	Optimal solution found
bpc_search_n13_c150_sd137_random_d0.2_uniform	concluded_fast	71784	120	300	23928	16.42	Optimal solution found
bpc_search_n14_c100_sd7_bipartite_d0.3_uniform	concluded_fast	75147	120	300	25049	39	Optimal solution found
bpc_search_n14_c120_sd42_random_d0.2_uniform	concluded_fast	249267	120	300	83089	59.74	Optimal solution found
bpc_search_n14_c120_sd7_bipartite_d0.3_uniform	concluded_fast	65451	120	300	21817	58.01	Optimal solution found
bpc_search_n14_c150_sd7_bipartite_d0.3_uniform	concluded_fast	55989	120	300	18663	35.17	Optimal solution found
bpc_search_n15_c100_sd137_random_d0.25_uniform	concluded_fast	11112	120	300	3704	24.19	Optimal solution found
bpc_search_n15_c100_sd137_random_d0.2_uniform	concluded_fast	22062	120	300	7354	38.09	Optimal solution found
bpc_search_n16_c100_sd7_random_d0.25_uniform	concluded_fast	29250	120	300	9750	53.92	Optimal solution found
bpc_search_n16_c100_sd7_random_d0.3_uniform	concluded_fast	12684	120	300	4228	33.37	Optimal solution found
bpc_search_n16_c150_sd42_random_d0.25_uniform	concluded_fast	15762	120	300	5254	33.83	Optimal solution found
cvrp_asymmetric	concluded_fast	354	120	300	118	1.18	Optimal solution found
cvrp_capacity_loose	concluded_fast	1968	120	300	656	4.93	Optimal solution found
cvrp_capacity_medium	not_concluded	115559	120	300	578024	300.12	Stopped on time limit
cvrp_capacity_tight	concluded_fast	606	120	300	202	2.65	Problem proven infeasible
cvrp_demand_outliers	concluded_fast	49362	120	300	16454	13.58	Optimal solution found
cvrp_demand_skewed	concluded_fast	2376	120	300	792	3.73	Optimal solution found
cvrp_demand_uniform	concluded_fast	5457	120	300	1819	4.76	Optimal solution found
cvrp_dense_uniform	concluded_fast	20700	120	300	6900	3.11	Optimal solution found
cvrp_few_large	concluded_fast	0	120	300	0	0	Optimal solution found
cvrp_geo_clustered	not_concluded	19974	120	300	99972	300.3	Stopped on time limit
cvrp_geo_ring	concluded_fast	125385	120	300	41795	21.11	Optimal solution found
cvrp_high_utilization	not_concluded	24448	120	300	122327	300.21	Stopped on time limit
cvrp_large_scale	concluded_fast	5760	120	300	1920	4.88	Optimal solution found
cvrp_loose	concluded_fast	0	120	300	0	0.17	Optimal solution found
cvrp_many_small	concluded_fast	4692	120	300	1564	8.85	Optimal solution found
cvrp_medium	concluded_slow	648759	120	240	216253	91.5	Optimal solution found
cvrp_medium_scale	concluded_fast	18774	120	300	6258	2.92	Optimal solution found
cvrp_search_n10_k2_skewed_uniform_b	concluded_fast	52041	120	300	17347	9.47	Optimal solution found
cvrp_search_n10_k2_uniform_clustered	concluded_fast	106860	120	300	35620	11.5	Optimal solution found
cvrp_search_n10_k2_uniform_clustered_b	concluded_fast	196245	120	300	65415	18.58	Optimal solution found
cvrp_search_n10_k2_varied_uniform	concluded_fast	10143	120	300	3381	6.8	Optimal solution found
cvrp_search_n10_k3_skewed_uniform	concluded_fast	37431	120	300	12477	8.95	Optimal solution found
cvrp_search_n10_k3_uniform_uniform	concluded_fast	246156	120	300	82052	31.14	Optimal solution found
cvrp_search_n12_k2_skewed_clustered	concluded_fast	5499	120	300	1833	7.12	Optimal solution found
cvrp_search_n12_k2_varied_uniform	concluded_fast	48924	120	300	16308	11.01	Optimal solution found
cvrp_search_n12_k2_varied_uniform_b	concluded_fast	30300	120	300	10100	23.67	Optimal solution found
cvrp_search_n12_k3_uniform_clustered	concluded_fast	17190	120	300	5730	17.03	Optimal solution found
cvrp_search_n14_k2_uniform_clustered	concluded_fast	39873	120	300	13291	8.72	Optimal solution found
cvrp_search_n14_k2_varied_clustered	concluded_fast	9672	120	300	3224	13.41	Optimal solution found
cvrp_size_small	concluded_fast	72	120	300	24	0.35	Optimal solution found
cvrp_small_scale	concluded_fast	15	120	300	5	0.37	Optimal solution found (within gap tolerance)
cvrp_sparse_grid	concluded_fast	80271	120	300	26757	6.77	Optimal solution found
cvrp_tight	concluded_fast	0	120	300	0	0.02	Optimal solution found
fcnf_complete_bip_5x5	concluded_fast	0	120	300	0	0.01	Optimal solution found
fcnf_grid_4x4_balanced	concluded_fast	0	120	300	0	0.02	Optimal solution found (within gap tolerance)
fcnf_grid_4x4_multimagnitude	concluded_fast	0	120	300	0	0.02	Optimal solution found
fcnf_grid_5x5_fixedheavy	concluded_fast	0	120	300	0	0.09	Optimal solution found (within gap tolerance)
fcnf_hub_n12	concluded_fast	0	120	300	0	0.01	Optimal solution found (within gap tolerance)
fcnf_layered_3stage	concluded_fast	60	120	300	20	1.8	Optimal solution found
fcnf_layered_continuous_loose	concluded_fast	0	120	300	0	0.01	Optimal solution found
fcnf_random_n15_d3	concluded_fast	0	120	300	0	0.01	Optimal solution found
fcnf_random_n20_d4_tight	concluded_fast	0	120	300	0	0.05	Optimal solution found (within gap tolerance)
fcnf_search_n50_d10_s2_3_sl0.99_sd137	concluded_fast	3078	120	300	1026	27.01	Optimal solution found
fcnf_search_n50_d10_s4_5_sl0.99_sd137	concluded_fast	4629	120	300	1543	30.06	Optimal solution found
fcnf_search_n50_d8_s2_3_sl0.95_sd7	concluded_fast	108	120	300	36	10.71	Optimal solution found
fcnf_search_n50_d8_s2_3_sl0.9_sd42	concluded_fast	1380	120	300	460	13.28	Optimal solution found
fcnf_search_n50_d8_s4_5_sl0.95_sd137	concluded_fast	498	120	300	166	12.22	Optimal solution found
fcnf_search_n50_d9_s4_5_sl0.95_sd7	concluded_fast	675	120	300	225	15.24	Optimal solution found
fcnf_search_n55_d10_s2_3_sl0.99_sd7	concluded_fast	1764	120	300	588	20.91	Optimal solution found
fcnf_search_n55_d10_s3_4_sl0.95_sd7	concluded_fast	4500	120	300	1500	50.17	Optimal solution found
fcnf_search_n55_d10_s3_4_sl0.99_sd7	concluded_fast	2262	120	300	754	56.05	Optimal solution found
fcnf_search_n55_d10_s4_5_sl0.99_sd42	concluded_fast	1935	120	300	645	19.75	Optimal solution found
fcnf_search_n55_d10_s4_5_sl0.9_sd7	concluded_fast	3486	120	300	1162	34.22	Optimal solution found
fcnf_search_n55_d8_s4_5_sl0.95_sd42	concluded_fast	9762	120	300	3254	46.92	Optimal solution found
fcnf_search_n55_d8_s4_5_sl0.99_sd42	concluded_fast	6951	120	300	2317	38.94	Optimal solution found
fcnf_search_n55_d9_s4_5_sl0.99_sd7	concluded_fast	1134	120	300	378	18.19	Optimal solution found
fcnf_search_n55_d9_s4_5_sl0.9_sd137	concluded_fast	2001	120	300	667	24.79	Optimal solution found
gap_10a30t_sd42_medium_uniform_uniform	concluded_fast	0	120	300	0	0.02	Optimal solution found
gap_4a35t_sd137_tight_anticorr_uniform	concluded_fast	2493	120	300	831	0.74	Optimal solution found
gap_4a35t_sd42_tight_anticorr_uniform	concluded_fast	5115	120	300	1705	0.87	Optimal solution found
gap_4a40t_sd42_tight_anticorr_variable	concluded_fast	18522	120	300	6174	1.32	Optimal solution found
gap_5a20t_sd137_tight_structured_uniform	concluded_fast	0	120	300	0	0.01	Optimal solution found
gap_5a20t_sd42_tight_uniform_uniform	concluded_fast	0	120	300	0	0.01	Optimal solution found
gap_5a30t_sd42_tight_anticorr_variable	concluded_fast	30276	120	300	10092	8.35	Optimal solution found
gap_5a35t_sd137_tight_anticorr_variable	concluded_fast	36702	120	300	12234	10.57	Optimal solution found
gap_6a30t_sd137_tight_anticorr_heavy	concluded_fast	35880	120	300	11960	14.38	Optimal solution found
gap_6a30t_sd42_tight_anticorr_uniform	concluded_fast	5376	120	300	1792	3.01	Optimal solution found
gap_6a35t_sd42_tight_anticorr_uniform	concluded_fast	930	120	300	310	1.68	Optimal solution found
gap_search_6a30t_sd1_a1.12_heavy	concluded_fast	42885	120	300	14295	12.46	Optimal solution found
gap_search_6a30t_sd2_a1.1_heavy	concluded_fast	45423	120	300	15141	13.37	Optimal solution found
gap_search_6a32t_sd1_a1.1_heavy	concluded_fast	80250	120	300	26750	33.89	Optimal solution found
gap_search_6a35t_sd2_a1.1_heavy	concluded_fast	102588	120	300	34196	39.95	Optimal solution found
gap_search_6a35t_sd3_a1.12_variable	concluded_fast	119244	120	300	39748	58.1	Optimal solution found
gap_search_6a35t_sd3_a1.1_heavy	concluded_fast	35898	120	300	11966	9.95	Optimal solution found
gap_search_6a38t_sd1_a1.12_heavy	concluded_fast	35925	120	300	11975	10.45	Optimal solution found
gap_search_7a30t_sd1_a1.1_variable	concluded_fast	76710	120	300	25570	34.2	Optimal solution found
gap_search_7a30t_sd3_a1.12_heavy	concluded_fast	47304	120	300	15768	19.52	Optimal solution found
gap_search_7a30t_sd3_a1.15_variable	concluded_fast	33198	120	300	11066	10.27	Optimal solution found
gap_search_7a32t_sd4_a1.1_variable	concluded_fast	33906	120	300	11302	12.76	Optimal solution found
gap_search_7a35t_sd2_a1.12_variable	concluded_slow	109761	120	240	36587	62.6	Optimal solution found
gap_search_7a35t_sd4_a1.1_heavy	concluded_fast	33405	120	300	11135	13.91	Optimal solution found
gap_search_7a38t_sd2_a1.1_variable	concluded_fast	33195	120	300	11065	11.96	Optimal solution found
gap_search_7a38t_sd3_a1.12_variable	concluded_fast	60390	120	300	20130	34.12	Optimal solution found
gc_complete_k6	concluded_fast	0	120	300	0	0	Optimal solution found
gc_cycle_c4_bipartite	concluded_fast	0	120	300	0	0	Optimal solution found
gc_cycle_c5	concluded_fast	0	120	300	0	0	Optimal solution found
gc_geometric_n25_sd42	concluded_fast	0	120	300	0	0.06	Optimal solution found
gc_k_partite_n24_sd137	concluded_fast	0	120	300	0	0.03	Optimal solution found
gc_mycielski_n11_sd1	concluded_fast	0	120	300	0	0.02	Optimal solution found
gc_mycielski_n23_sd1	concluded_fast	768	120	300	256	3.46	Optimal solution found
gc_petersen	concluded_fast	0	120	300	0	0.01	Optimal solution found
gc_planar_n28_sd42	concluded_fast	0	120	300	0	0.05	Optimal solution found
gc_random_n20_sd42	concluded_fast	0	120	300	0	0.04	Optimal solution found
gc_random_n30_sd137	concluded_fast	0	120	300	0	0.18	Optimal solution found
gc_random_n48_p0.5_sd3	concluded_fast	498	120	300	166	16.78	Optimal solution found
gc_random_n52_p0.4_sd4	concluded_slow	864	120	240	288	81.98	Optimal solution found
gc_random_n52_p0.4_sd5	concluded_fast	1578	120	300	526	55.96	Optimal solution found
gc_random_n52_p0.5_sd1	concluded_fast	1080	120	300	360	25.97	Optimal solution found
gc_random_n52_p0.5_sd4	concluded_fast	327	120	300	109	30.46	Optimal solution found
gc_random_n54_p0.4_sd1	concluded_slow	522	120	240	174	71.26	Optimal solution found
gc_random_n54_p0.4_sd5	concluded_fast	246	120	300	82	19.04	Optimal solution found
gc_random_n54_p0.5_sd1	concluded_fast	660	120	300	220	42.27	Optimal solution found
gc_random_n56_p0.4_sd2	concluded_fast	186	120	300	62	18.08	Optimal solution found
gc_random_n56_p0.4_sd3	concluded_slow	798	120	240	266	64.84	Optimal solution found
gc_random_n56_p0.5_sd3	concluded_fast	636	120	300	212	32.28	Optimal solution found
gc_random_n58_p0.5_sd1	concluded_fast	126	120	300	42	18.64	Optimal solution found
gc_random_n58_p0.6_sd1	concluded_fast	1134	120	300	378	49.8	Optimal solution found
gc_random_n60_p0.4_sd5	concluded_slow	441	120	240	147	69.84	Optimal solution found
gc_random_n60_p0.6_sd1	concluded_fast	900	120	300	300	32.82	Optimal solution found
gc_triangle_k3	concluded_fast	0	120	300	0	0	Optimal solution found
hcnd_medium_dense	concluded_fast	24	120	300	8	2.3	Optimal solution found
hcnd_medium_manycomm	concluded_fast	72	120	300	24	1.16	Optimal solution found
hcnd_medium_sparse	concluded_fast	0	120	300	0	0.01	Optimal solution found
hcnd_n14_ep0.4_k10_H4_sd8	concluded_fast	5676	120	300	1892	17.71	Optimal solution found
hcnd_n14_ep0.4_k8_H4_sd5	concluded_fast	4983	120	300	1661	18.31	Optimal solution found
hcnd_n15_ep0.35_k10_H4_sd1	concluded_fast	7449	120	300	2483	23.58	Optimal solution found
hcnd_n15_ep0.35_k8_H4_sd1	concluded_fast	4386	120	300	1462	17.74	Optimal solution found
hcnd_n15_ep0.4_k10_H4_sd4	concluded_fast	6237	120	300	2079	22.52	Optimal solution found
hcnd_n15_ep0.4_k10_H4_sd7	concluded_slow	29328	120	240	9776	67.04	Optimal solution found
hcnd_n15_ep0.4_k8_H4_sd3	concluded_fast	9588	120	300	3196	29.51	Optimal solution found
hcnd_n16_ep0.35_k10_H4_sd6	concluded_fast	4650	120	300	1550	19.06	Optimal solution found
hcnd_n16_ep0.35_k10_H4_sd7	concluded_fast	7512	120	300	2504	23.2	Optimal solution found
hcnd_n16_ep0.35_k8_H4_sd1	concluded_fast	14910	120	300	4970	51.54	Optimal solution found
hcnd_n16_ep0.3_k10_H4_sd6	concluded_fast	19881	120	300	6627	28.45	Optimal solution found
hcnd_n16_ep0.3_k8_H4_sd7	concluded_fast	2829	120	300	943	14.66	Optimal solution found
hcnd_n16_ep0.4_k10_H4_sd5	concluded_fast	2550	120	300	850	17.6	Optimal solution found
hcnd_n16_ep0.4_k10_H4_sd6	concluded_fast	13140	120	300	4380	34.1	Optimal solution found
hcnd_n16_ep0.4_k8_H4_sd8	concluded_fast	588	120	300	196	18.23	Optimal solution found
hcnd_small_dense	concluded_fast	0	120	300	0	0.01	Optimal solution found
hcnd_small_sparse	concluded_fast	0	120	300	0	0	Optimal solution found
hcnd_tiny_capforce	concluded_fast	0	120	300	0	0	Optimal solution found
hcnd_tiny_hop1	concluded_fast	0	120	300	0	0	Optimal solution found
hcnd_tiny_hopchoice	concluded_fast	0	120	300	0	0	Optimal solution found
hcnd_tiny_shared	concluded_fast	0	120	300	0	0	Optimal solution found
jssp_ft06	concluded_fast	13077	120	300	4359	3.18	Optimal solution found
jssp_ft10	not_concluded	39486	120	300	198020	300.9	Stopped on time limit
jssp_la01	not_concluded	209345	120	300	1048120	300.4	Stopped on time limit
jssp_la06	not_concluded	160986	120	300	805978	300.39	Stopped on time limit
jssp_la11	not_concluded	6061	120	300	30325	300.19	Stopped on time limit
jssp_orb01	not_concluded	162561	120	300	813672	300.32	Stopped on time limit
jssp_search_n7_m5_uniform_pt1-20_s2	concluded_fast	204996	120	300	68332	20.06	Optimal solution found
jssp_search_n7_m6_uniform_pt1-20_s1	concluded_fast	219738	120	300	73246	27.65	Optimal solution found
jssp_search_n7_m7_bimodal_pt1-20_s1	concluded_fast	88416	120	300	29472	11.27	Optimal solution found
jssp_search_n7_m7_uniform_pt1-20_s2	concluded_fast	180138	120	300	60046	22.17	Optimal solution found
jssp_search_n7_m7_uniform_pt1-99_s3	concluded_fast	113445	120	300	37815	13.26	Optimal solution found
jssp_search_n8_m5_uniform_pt1-20_s3	concluded_fast	92127	120	300	30709	12.05	Optimal solution found
jssp_search_n8_m6_bimodal_pt1-99_s1	concluded_fast	82134	120	300	27378	11.69	Optimal solution found
jssp_search_n8_m6_skewed_pt1-20_s2	concluded_fast	121437	120	300	40479	18.28	Optimal solution found
jssp_search_n8_m7_skewed_pt1-50_s2	concluded_fast	346428	120	300	115476	29.8	Optimal solution found (within gap tolerance)
jssp_search_n9_m5_bimodal_pt1-50_s2	concluded_fast	82437	120	300	27479	18.11	Optimal solution found
jssp_search_n9_m5_skewed_pt1-50_s1	concluded_fast	101511	120	300	33837	28.75	Optimal solution found (within gap tolerance)
jssp_search_n9_m6_skewed_pt1-20_s3	concluded_fast	189426	120	300	63142	26.26	Optimal solution found
jssp_search_n9_m7_bimodal_pt1-99_s2	concluded_fast	232170	120	300	77390	46.46	Optimal solution found
jssp_search_n9_m7_skewed_pt1-20_s3	concluded_fast	160818	120	300	53606	31.64	Optimal solution found
jssp_search_n9_m7_skewed_pt1-50_s3	concluded_fast	6330	120	300	2110	12.14	Optimal solution found
mis_n15_sd42_random_uniform	concluded_fast	0	120	300	0	0.01	Optimal solution found
mis_n16_sd137_grid_diverse	concluded_fast	0	120	300	0	0.01	Optimal solution found
mis_n18_sd42_k_partite_uniform	concluded_fast	0	120	300	0	0.01	Optimal solution found
mis_n20_sd137_tree_uniform	concluded_fast	0	120	300	0	0	Optimal solution found
mis_n20_sd42_geometric_unit	concluded_fast	0	120	300	0	0	Optimal solution found
mis_n30_sd42_cycle_uniform	concluded_fast	0	120	300	0	0.01	Optimal solution found
mis_n30_sd42_random_uniform	concluded_fast	0	120	300	0	0.01	Optimal solution found
mis_n35_sd137_geometric_diverse	concluded_fast	0	120	300	0	0	Optimal solution found
mis_n36_sd42_grid_unit	concluded_fast	0	120	300	0	0.01	Optimal solution found
mis_n40_sd137_planar_uniform	concluded_fast	0	120	300	0	0.01	Optimal solution found
mis_search_n100_ep0.25_unit_s2	concluded_fast	1260	120	300	420	15.41	Optimal solution found
mis_search_n100_ep0.35_uniform_s1	concluded_fast	312	120	300	104	12.05	Optimal solution found
mis_search_n100_ep0.4_diverse_s1	concluded_fast	168	120	300	56	11.14	Optimal solution found
mis_search_n100_ep0.4_unit_s3	concluded_fast	2058	120	300	686	23.9	Optimal solution found
mis_search_n110_ep0.25_uniform_s1	concluded_fast	246	120	300	82	10.87	Optimal solution found
mis_search_n110_ep0.2_uniform_s2	concluded_fast	1986	120	300	662	13.64	Optimal solution found
mis_search_n110_ep0.2_unit_s2	concluded_fast	6540	120	300	2180	31.02	Optimal solution found
mis_search_n120_ep0.25_diverse_s1	concluded_fast	186	120	300	62	12.68	Optimal solution found
mis_search_n120_ep0.3_uniform_s2	concluded_fast	1086	120	300	362	25.15	Optimal solution found
mis_search_n120_ep0.4_unit_s2	concluded_fast	4170	120	300	1390	50.45	Optimal solution found
mis_search_n130_ep0.2_diverse_s3	concluded_fast	270	120	300	90	12.63	Optimal solution found
mis_search_n130_ep0.2_uniform_s1	concluded_fast	1308	120	300	436	21.38	Optimal solution found
mis_search_n130_ep0.3_uniform_s3	concluded_fast	3978	120	300	1326	39.25	Optimal solution found
mis_search_n90_ep0.25_unit_s3	concluded_fast	1959	120	300	653	10.62	Optimal solution found
mis_search_n90_ep0.35_unit_s2	concluded_fast	1044	120	300	348	11.38	Optimal solution found
qap_n4_s42_uniform_euclidean	concluded_fast	12	120	300	4	0.68	Optimal solution found
qap_n5_s137_sparse_manhattan	concluded_fast	24	120	300	8	0.52	Optimal solution found
qap_n5_s42_uniform_euclidean	concluded_fast	78	120	300	26	1.27	Optimal solution found
qap_n6_s137_hub_euclidean	concluded_fast	318	120	300	106	3.9	Optimal solution found
qap_n6_s42_uniform_grid	concluded_fast	1746	120	300	582	6.09	Optimal solution found
qap_n7_s137_sparse_grid	concluded_fast	78	120	300	26	1.06	Optimal solution found
qap_n7_s42_uniform_euclidean	concluded_fast	7500	120	300	2500	16.04	Optimal solution found
qap_search_n7_hub_euclidean_s3	concluded_fast	5736	120	300	1912	14.8	Optimal solution found
qap_search_n7_hub_euclidean_s4	concluded_fast	3306	120	300	1102	11.84	Optimal solution found
qap_search_n7_hub_grid_s1	concluded_fast	2832	120	300	944	10.47	Optimal solution found
qap_search_n7_hub_grid_s2	concluded_fast	17094	120	300	5698	39.83	Optimal solution found
qap_search_n7_hub_manhattan_s3	concluded_fast	2448	120	300	816	10.73	Optimal solution found
qap_search_n7_uniform_grid_s2	concluded_fast	11880	120	300	3960	26.52	Optimal solution found
qap_search_n7_uniform_manhattan_s1	concluded_fast	15222	120	300	5074	30.54	Optimal solution found
qap_search_n7_uniform_manhattan_s3	concluded_fast	9756	120	300	3252	20.78	Optimal solution found
qap_search_n8_hub_euclidean_s1	concluded_fast	37062	120	300	12354	59.83	Optimal solution found
qap_search_n8_hub_grid_s3	concluded_fast	27408	120	300	9136	47.35	Optimal solution found
qap_search_n8_sparse_grid_s4	concluded_fast	7908	120	300	2636	14.63	Optimal solution found
qap_search_n8_sparse_manhattan_s1	concluded_fast	30384	120	300	10128	10.39	Optimal solution found
rcpsp_n10_r2_ep0.4_s42	concluded_fast	17859	120	300	5953	13.81	Optimal solution found
rcpsp_n10_r2_s7	concluded_fast	0	120	300	0	6.05	Optimal solution found
rcpsp_n10_r3_dense_s99	concluded_fast	0	120	300	0	3.56	Optimal solution found
rcpsp_n11_r2_ep0.2_s7	concluded_fast	15387	120	300	5129	26.18	Optimal solution found
rcpsp_n11_r2_ep0.4_s4	concluded_fast	6030	120	300	2010	12.47	Optimal solution found
rcpsp_n11_r2_ep0.4_s7	concluded_fast	165	120	300	55	13.38	Optimal solution found
rcpsp_n6_r2_s42	concluded_fast	0	120	300	0	0.1	Optimal solution found
rcpsp_n8_r2_s137	concluded_fast	0	120	300	0	3.25	Optimal solution found
rcpsp_n8_r3_tight_s42	concluded_fast	0	120	300	0	2.54	Optimal solution found
rcpsp_n9_r2_ep0.2_s1	concluded_fast	99300	120	300	33100	25.87	Optimal solution found
rcpsp_n9_r2_ep0.2_s7	concluded_fast	4191	120	300	1397	10.95	Optimal solution found
rcpsp_n9_r2_ep0.2_s8	concluded_fast	88353	120	300	29451	21.61	Optimal solution found
rcpsp_n9_r2_ep0.4_s7	concluded_fast	6675	120	300	2225	13.03	Optimal solution found
rcpsp_n9_r2_ep0.4_s8	concluded_fast	95571	120	300	31857	22.16	Optimal solution found
spp_e10_s15_sd42_random	concluded_fast	0	120	300	0	0.01	Optimal solution found
spp_e12_s18_sd42_k_partite	concluded_fast	0	120	300	0	0	Optimal solution found
spp_e15_s20_sd137_geometric	concluded_fast	0	120	300	0	0.01	Optimal solution found
spp_e20_s25_sd42_scheduling	concluded_fast	0	120	300	0	0.01	Optimal solution found
spp_e30_s50_sd42_random	concluded_fast	0	120	300	0	0.01	Optimal solution found
spp_e35_s60_sd137_k_partite	concluded_fast	0	120	300	0	0.01	Optimal solution found
spp_e40_s70_sd42_geometric	concluded_fast	0	120	300	0	0.01	Optimal solution found
spp_e50_s80_sd137_scheduling	concluded_fast	0	120	300	0	0.01	Optimal solution found
spp_search_n300_r4_k50_s2	concluded_fast	870	120	300	290	11.08	Optimal solution found
spp_search_n300_r6_k70_s3	concluded_fast	378	120	300	126	11.89	Optimal solution found
spp_search_n350_r4_k50_s1	concluded_fast	798	120	300	266	12.49	Optimal solution found
spp_search_n350_r4_k80_s3	concluded_fast	666	120	300	222	19.38	Optimal solution found
spp_search_n350_r6_k80_s3	concluded_fast	108	120	300	36	14.38	Optimal solution found
spp_search_n400_r4_k50_s3	concluded_fast	822	120	300	274	17.53	Optimal solution found
spp_search_n400_r5_k80_s2	concluded_fast	90	120	300	30	9.7	Optimal solution found
spp_search_n400_r6_k60_s1	concluded_fast	318	120	300	106	13.54	Optimal solution found
spp_search_n400_r6_k70_s3	concluded_fast	564	120	300	188	26.18	Optimal solution found
spp_search_n450_r4_k80_s3	concluded_fast	312	120	300	104	21.29	Optimal solution found
spp_search_n450_r5_k50_s1	concluded_fast	1422	120	300	474	39.23	Optimal solution found
spp_search_n450_r5_k50_s3	concluded_fast	3657	120	300	1219	51.78	Optimal solution found
spp_search_n450_r5_k70_s3	concluded_fast	492	120	300	164	22.97	Optimal solution found
spp_search_n450_r6_k60_s1	concluded_fast	438	120	300	146	16.33	Optimal solution found
spp_search_n450_r6_k70_s1	concluded_fast	708	120	300	236	22.6	Optimal solution found
sppc_bug_wrongopt_preprocess	concluded_fast	0	120	300	0	0.01	Optimal solution found
sppc_small_1	concluded_fast	0	120	300	0	0	Optimal solution found
sppc_small_2	concluded_fast	0	120	300	0	0.01	Optimal solution found
sppc_t100_p150_c100_s8	concluded_fast	6171	120	300	2057	42.78	Optimal solution found
sppc_t100_p200_c100_s1	concluded_fast	3330	120	300	1110	54.37	Optimal solution found
sppc_t100_p250_c150_s6	concluded_fast	402	120	300	134	28.27	Optimal solution found
sppc_t100_p300_c200_s6	concluded_fast	234	120	300	78	23.3	Optimal solution found
sppc_t50_p100_c100_s8	concluded_fast	3876	120	300	1292	14.91	Optimal solution found
sppc_t50_p125_c75_s2	concluded_fast	1566	120	300	522	10.58	Optimal solution found
sppc_t50_p75_c75_s1	concluded_fast	1995	120	300	665	8.19	Optimal solution found
sppc_t60_p120_c90_s1	concluded_fast	1986	120	300	662	16.09	Optimal solution found
sppc_t60_p150_c60_s5	concluded_fast	2490	120	300	830	14.61	Optimal solution found
sppc_t60_p180_c60_s8	concluded_fast	6630	120	300	2210	35.26	Optimal solution found
sppc_t60_p90_c90_s7	concluded_fast	2622	120	300	874	13.6	Optimal solution found
sppc_t80_p120_c80_s2	concluded_fast	2766	120	300	922	17.66	Optimal solution found
sppc_t80_p160_c120_s4	concluded_fast	7530	120	300	2510	55.39	Optimal solution found
sppc_t80_p160_c80_s1	concluded_fast	10125	120	300	3375	52.77	Optimal solution found
sppc_t80_p200_c160_s5	concluded_fast	2796	120	300	932	43.75	Optimal solution found
sppc_t80_p200_c80_s6	concluded_fast	6126	120	300	2042	53.45	Optimal solution found
sppc_t80_p240_c120_s1	concluded_fast	3480	120	300	1160	52.72	Optimal solution found
steiner_complete10_unit_t4	concluded_fast	18	120	300	6	1.05	Optimal solution found
steiner_complete12_rand_t3	concluded_fast	3	120	300	1	1.41	Optimal solution found
steiner_geom15_r30_t3	concluded_fast	0	120	300	0	0.01	Optimal solution found
steiner_geom20_r35_t5	concluded_fast	0	120	300	0	0.03	Optimal solution found (within gap tolerance)
steiner_grid4x4_t3_corners	concluded_fast	0	120	300	0	0.02	Optimal solution found
steiner_grid5x5_t4_sparse	concluded_fast	24	120	300	8	1.11	Optimal solution found
steiner_search_n16_t10_sd21	concluded_fast	5901	120	300	1967	11.49	Optimal solution found
steiner_search_n18_t10_sd99	concluded_fast	40845	120	300	13615	14.9	Optimal solution found
steiner_search_n18_t8_sd21	concluded_fast	19749	120	300	6583	13.3	Optimal solution found
steiner_search_n20_t10_sd21	concluded_fast	14883	120	300	4961	14.59	Optimal solution found
steiner_search_n20_t7_sd99	concluded_fast	18270	120	300	6090	13.17	Optimal solution found
steiner_search_n20_t8_sd7	concluded_fast	24231	120	300	8077	11.04	Optimal solution found
steiner_search_n20_t9_sd7	concluded_fast	94806	120	300	31602	24.3	Optimal solution found
steiner_search_n22_t6_sd42	concluded_fast	6759	120	300	2253	14.99	Optimal solution found
steiner_search_n22_t8_sd21	concluded_fast	3684	120	300	1228	18.43	Optimal solution found
steiner_search_n22_t9_sd137	concluded_fast	3504	120	300	1168	11.87	Optimal solution found
steiner_search_n22_t9_sd21	concluded_fast	38781	120	300	12927	25.16	Optimal solution found
steiner_search_n24_t6_sd42	concluded_fast	2304	120	300	768	11.96	Optimal solution found
steiner_search_n24_t7_sd42	concluded_fast	7458	120	300	2486	17.43	Optimal solution found
steiner_search_n24_t8_sd137	concluded_fast	23139	120	300	7713	22	Optimal solution found
steiner_search_n24_t9_sd137	concluded_fast	42882	120	300	14294	28.14	Optimal solution found
steiner_sparse20_p03_t4	concluded_fast	12	120	300	4	0.71	Optimal solution found
steiner_sparse25_p025_t6	concluded_fast	654	120	300	218	3.44	Optimal solution found
tsp_asymmetric_n10_sd42	concluded_fast	0	120	300	0	0.26	Optimal solution found
tsp_asymmetric_n12_sd137	concluded_fast	42	120	300	14	0.28	Optimal solution found
tsp_asymmetric_n18_sd1	concluded_fast	5127	120	300	1709	15.31	Optimal solution found
tsp_asymmetric_n18_sd4	concluded_fast	10134	120	300	3378	25.71	Optimal solution found
tsp_asymmetric_n19_sd3	concluded_fast	4989	120	300	1663	16.65	Optimal solution found
tsp_asymmetric_n20_sd5	concluded_fast	4107	120	300	1369	22.14	Optimal solution found
tsp_asymmetric_n21_sd2	concluded_fast	3897	120	300	1299	22.68	Optimal solution found
tsp_asymmetric_n22_sd2	concluded_fast	14010	120	300	4670	57.31	Optimal solution found
tsp_asymmetric_n7_sd1	concluded_fast	0	120	300	0	0.02	Optimal solution found
tsp_euclidean_n10_sd42	concluded_fast	0	120	300	0	0.05	Optimal solution found
tsp_euclidean_n12_sd137	concluded_fast	222	120	300	74	2.05	Optimal solution found
tsp_euclidean_n14_sd42	concluded_fast	0	120	300	0	1.1	Optimal solution found
tsp_euclidean_n16_sd1	concluded_fast	14451	120	300	4817	22.18	Optimal solution found
tsp_euclidean_n17_sd1	concluded_fast	26631	120	300	8877	36.88	Optimal solution found
tsp_euclidean_n18_sd1	concluded_fast	17574	120	300	5858	39.78	Optimal solution found
tsp_euclidean_n18_sd4	concluded_fast	22536	120	300	7512	48.29	Optimal solution found
tsp_euclidean_n19_sd1	concluded_fast	12327	120	300	4109	29.36	Optimal solution found
tsp_euclidean_n20_sd1	concluded_fast	12663	120	300	4221	35.35	Optimal solution found
tsp_euclidean_n21_sd3	concluded_fast	11337	120	300	3779	41.42	Optimal solution found
tsp_euclidean_n22_sd3	concluded_slow	21582	120	240	7194	68.44	Optimal solution found
tsp_euclidean_n22_sd5	concluded_fast	2502	120	300	834	16.21	Optimal solution found
tsp_euclidean_n4_sd1	concluded_fast	0	120	300	0	0	Optimal solution found
tsp_euclidean_n5_sd1	concluded_fast	0	120	300	0	0.01	Optimal solution found
tsp_euclidean_n6_sd1	concluded_fast	0	120	300	0	0.02	Optimal solution found
tsp_euclidean_n7_sd1	concluded_fast	0	120	300	0	0.03	Optimal solution found
tsp_euclidean_n8_sd1	concluded_fast	0	120	300	0	0.14	Optimal solution found
upms_n7_m3_int_wct_s137	concluded_fast	122949	120	300	40983	5.05	Optimal solution found
upms_n8_m2_int_cmax_s42	concluded_fast	789384	120	300	263128	28.4	Optimal solution found
upms_n8_m3_frac_cmax_s42	concluded_fast	142563	120	300	47521	6.28	Optimal solution found
upms_n8_m3_int_wct_s42	concluded_fast	297840	120	300	99280	13.46	Optimal solution found
upms_n9_m2_lgset_cmax_s137	concluded_slow	9524730	300	420	3174910	272.96	Optimal solution found (within gap tolerance)
upms_n9_m3_int_cmax_s137	not_concluded	570893	120	300	2861222	300.71	Stopped on time limit
upms_search_n7_m2_cmax_p5-18_s8-22_sd21	concluded_fast	485349	120	300	161783	13.96	Optimal solution found
upms_search_n7_m3_cmax_p5-18_s8-22_sd21	concluded_fast	299616	120	300	99872	9.99	Optimal solution found
upms_search_n7_m3_wct_p6-22_s3-11_sd137	concluded_fast	280599	120	300	93533	11.21	Optimal solution found
upms_search_n8_m2_cmax_p5-18_s2-9_sd42	concluded_fast	405309	120	300	135103	14.02	Optimal solution found (within gap tolerance)
upms_search_n8_m2_cmax_p6-22_s3-11_sd99	concluded_fast	1341600	120	300	447200	33.45	Optimal solution found
upms_search_n8_m2_wct_p6-22_s3-11_sd7	concluded_fast	304815	120	300	101605	11.33	Optimal solution found
upms_search_n8_m2_wct_p7-25_s3-12_sd42	concluded_fast	620028	120	300	206676	20.38	Optimal solution found
upms_search_n8_m3_cmax_p5-18_s2-9_sd42	concluded_fast	379329	120	300	126443	17.04	Optimal solution found
upms_search_n8_m3_cmax_p5-18_s8-22_sd7	concluded_fast	269772	120	300	89924	12.58	Optimal solution found
upms_search_n8_m3_cmax_p7-25_s3-12_sd7	concluded_fast	639804	120	300	213268	25.76	Optimal solution found
upms_search_n8_m3_wct_p5-18_s2-9_sd137	concluded_fast	265122	120	300	88374	12.56	Optimal solution found
upms_search_n9_m2_wct_p6-22_s3-11_sd7	concluded_fast	987672	120	300	329224	44.64	Optimal solution found
upms_search_n9_m3_wct_p5-18_s2-9_sd7	concluded_fast	332079	120	300	110693	19.4	Optimal solution found
upms_search_n9_m3_wct_p6-22_s3-11_sd137	concluded_fast	563928	120	300	187976	30.91	Optimal solution found
upms_search_n9_m3_wct_p6-22_s3-11_sd7	concluded_fast	1183257	120	300	394419	48.26	Optimal solution found
cttp_dayfocus_c6t8_sd10	concluded_fast	213	150	300	71	7.55	Optimal solution found
cttp_gapfocus_c6t8_sd9	concluded_fast	141	150	300	47	7.97	Optimal solution found
cttp_hard_c10t12_r2-3_sd2	not_concluded	10	150	300	1915	296.46	Stopped on time limit
cttp_hard_c6t6_s5_r2-4_sd3	not_concluded	5125	150	300	16679	296.82	Stopped on time limit
cttp_hard_c6t7_r2-3_sd3	not_concluded	1502	150	300	11885	297.14	Stopped on time limit
cttp_hard_c7t9_r2-3_sd1	not_concluded	1162	150	300	4401	274.58	Stopped on time limit
cttp_hard_c9t11_r2-4_sd1	not_concluded	718	150	300	3015	270.78	Stopped on time limit
cttp_infeasible_c10t12_r2-4_sd2	concluded_fast	100	150	300	0	1.02	Linear relaxation infeasible
cttp_medium_c6t8_r2-4_sd2	not_concluded	640	150	300	877	118.82	Optimal solution found
cttp_medium_c8t8_s7_r2-3_sd3	not_concluded	285	150	300	636	100.89	Optimal solution found
cttp_medium_c9t11_r2-4_sd3	concluded_fast	693	150	300	231	36.77	Optimal solution found
cttp_small_c5t6_r2-3_sd1	concluded_fast	1527	150	300	509	25.76	Optimal solution found
cttp_small_c5t6_r2-4_sd1	not_concluded	814	150	300	829	68.05	Optimal solution found
cttp_small_c6t6_s5_r2-3_sd3	not_concluded	265	150	300	303	64.06	Optimal solution found
cttp_small_c6t8_r2-3_sd3	not_concluded	78	150	300	113	57.16	Optimal solution found
cttp_small_c6t8_r2-4_sd1	concluded_fast	510	150	300	243	35.76	Optimal solution found
cttp_tiny_c4t5_r2-3_sd2	concluded_fast	204	150	300	68	12.09	Optimal solution found
cttp_tiny_c4t5_r2-4_sd2	concluded_fast	99	150	300	33	4.84	Optimal solution found
A-1	concluded_fast	249	150	300	83	30.28	Optimal solution found
attfInst1	not_concluded	2448	150	300	2448	59.28	Stopped on time limit
graphdraw-domain	not_concluded	28922	150	300	28922	59.24	Stopped on time limit
j3041_1	concluded_fast	87	150	300	29	4.6	Optimal solution found
leo1	not_concluded	452	150	300	452	59.36	Stopped on time limit
yue20013.1.150	concluded_fast	1566	150	300	522	20.85	Optimal solution found
